-- phpMyAdmin SQL Dump
-- version 4.2.11
-- http://www.phpmyadmin.net
--
-- Host: 127.0.0.1
-- Generation Time: Sep 26, 2020 at 06:37 PM
-- Server version: 5.6.21
-- PHP Version: 5.6.3

SET SQL_MODE = "NO_AUTO_VALUE_ON_ZERO";
SET time_zone = "+00:00";


/*!40101 SET @OLD_CHARACTER_SET_CLIENT=@@CHARACTER_SET_CLIENT */;
/*!40101 SET @OLD_CHARACTER_SET_RESULTS=@@CHARACTER_SET_RESULTS */;
/*!40101 SET @OLD_COLLATION_CONNECTION=@@COLLATION_CONNECTION */;
/*!40101 SET NAMES utf8 */;

--
-- Database: `ollanda`
--

-- --------------------------------------------------------

--
-- Table structure for table `bahanbaku`
--

CREATE TABLE IF NOT EXISTS `bahanbaku` (
  `ID_bahanbaku` varchar(10) NOT NULL,
  `deskripsi` varchar(50) NOT NULL,
  `qty` double NOT NULL,
  `unit` varchar(10) NOT NULL,
  `rop` int(20) NOT NULL,
  `safetystock` int(11) NOT NULL,
  `leadtime` int(11) NOT NULL,
  `lotsize` int(11) NOT NULL,
  `harga` int(11) NOT NULL,
  `ID_supplier` varchar(20) NOT NULL
) ENGINE=InnoDB DEFAULT CHARSET=utf8mb4;

--
-- Dumping data for table `bahanbaku`
--

INSERT INTO `bahanbaku` (`ID_bahanbaku`, `deskripsi`, `qty`, `unit`, `rop`, `safetystock`, `leadtime`, `lotsize`, `harga`, `ID_supplier`) VALUES
('A-001', 'Tepung', 378.9, 'kg', 97, 15, 7, 150, 9900, 'SUP-001'),
('A-002', 'Gula Pasir', 132.3, 'kg', 130, 25, 7, 150, 13500, 'SUP-001'),
('A-003', 'Margarin', 91.5, 'kg', 85, 15, 7, 60, 24600, 'SUP-001'),
('A-004', 'Coklat Bubuk', 57.3, 'kg', 45, 10, 7, 40, 57000, 'SUP-001'),
('A-005', 'Baking Soda', 8.8, 'kg', 8, 5, 7, 5, 10900, 'SUP-001'),
('A-006', 'Vanili', 8.8, 'kg', 8, 5, 7, 5, 115000, 'SUP-001'),
('A-007', 'Telur', 1120, 'butir', 1357, 300, 4, 1500, 1300, 'SUP-002'),
('A-008', 'Susu Kental', 71.7, 'kg', 45, 10, 7, 50, 29000, 'SUP-001'),
('A-009', 'Dark Chocolate', 102, 'kg', 55, 15, 4, 60, 138000, 'SUP-001');

-- --------------------------------------------------------

--
-- Table structure for table `bom`
--

CREATE TABLE IF NOT EXISTS `bom` (
`ID_bom` int(50) NOT NULL,
  `ID_produk` varchar(50) NOT NULL,
  `ID_bahanbaku` varchar(10) NOT NULL,
  `bom` varchar(10) NOT NULL
) ENGINE=InnoDB AUTO_INCREMENT=28 DEFAULT CHARSET=utf8mb4;

--
-- Dumping data for table `bom`
--

INSERT INTO `bom` (`ID_bom`, `ID_produk`, `ID_bahanbaku`, `bom`) VALUES
(4, 'P-001', 'A-001', '0.175'),
(5, 'P-001', 'A-002', '0.225'),
(14, 'P-001', 'A-003', '0.15'),
(15, 'P-001', 'A-004', '0.075'),
(16, 'P-001', 'A-005', '0.005'),
(17, 'P-001', 'A-006', '0.005'),
(18, 'P-001', 'A-007', '4'),
(19, 'P-001', 'A-008', '0.075'),
(20, 'P-001', 'A-009', '0.15'),
(21, 'P-002', 'A-001', '0.175'),
(22, 'P-002', 'A-002', '0.225'),
(23, 'P-002', 'A-003', '0.15'),
(24, 'P-002', 'A-005', '0.005'),
(25, 'P-002', 'A-006', '0.005'),
(26, 'P-002', 'A-007', '4'),
(27, 'P-002', 'A-008', '0.075');

-- --------------------------------------------------------

--
-- Table structure for table `bom_temp1`
--

CREATE TABLE IF NOT EXISTS `bom_temp1` (
`ID_sr` int(10) NOT NULL,
  `ID_produk` varchar(10) NOT NULL,
  `tanggal` varchar(10) NOT NULL,
  `bulan` varchar(10) NOT NULL,
  `jumlah` int(10) NOT NULL
) ENGINE=InnoDB DEFAULT CHARSET=utf8mb4;

-- --------------------------------------------------------

--
-- Table structure for table `bom_temp2`
--

CREATE TABLE IF NOT EXISTS `bom_temp2` (
`ID_sr` int(10) NOT NULL,
  `ID_bahanbaku` varchar(50) NOT NULL,
  `tanggal` varchar(10) NOT NULL,
  `bulan` varchar(10) NOT NULL,
  `jumlah` int(10) NOT NULL
) ENGINE=InnoDB DEFAULT CHARSET=utf8mb4;

-- --------------------------------------------------------

--
-- Table structure for table `keranjang`
--

CREATE TABLE IF NOT EXISTS `keranjang` (
`ID_keranjang` int(10) NOT NULL,
  `ID_supplier` varchar(10) NOT NULL,
  `ID_bahanbaku` varchar(10) NOT NULL,
  `jumlah` varchar(10) NOT NULL,
  `hari_sampai` varchar(10) NOT NULL
) ENGINE=InnoDB AUTO_INCREMENT=7 DEFAULT CHARSET=latin1;

-- --------------------------------------------------------

--
-- Table structure for table `mrp`
--

CREATE TABLE IF NOT EXISTS `mrp` (
  `ID_mrp` varchar(10) NOT NULL,
  `ID_bahanbaku` varchar(10) NOT NULL,
  `rop` varchar(10) NOT NULL,
  `tanggal` varchar(10) NOT NULL,
  `tgl` varchar(10) NOT NULL,
  `bulan` varchar(10) NOT NULL,
  `status` varchar(10) NOT NULL
) ENGINE=InnoDB DEFAULT CHARSET=latin1;

--
-- Dumping data for table `mrp`
--

INSERT INTO `mrp` (`ID_mrp`, `ID_bahanbaku`, `rop`, `tanggal`, `tgl`, `bulan`, `status`) VALUES
('A-002-19', 'A-002', '130', '19-09-2020', '19', '09', '1'),
('A-003-20', 'A-003', '85', '20-09-2020', '20', '09', '1'),
('A-004-22', 'A-004', '45', '22-09-2020', '22', '09', '1'),
('A-007-18', 'A-007', '1357', '18-09-2020', '18', '09', '1'),
('A-007-23', 'A-007', '1357', '23-09-2020', '23', '09', '1'),
('A-009-24', 'A-009', '55', '24-09-2020', '24', '09', '1');

-- --------------------------------------------------------

--
-- Table structure for table `pegawai`
--

CREATE TABLE IF NOT EXISTS `pegawai` (
`id` int(255) NOT NULL,
  `kode_user` varchar(255) NOT NULL,
  `nama` varchar(30) NOT NULL,
  `jabatan` varchar(20) NOT NULL,
  `username` varchar(10) NOT NULL,
  `password` varchar(255) NOT NULL
) ENGINE=InnoDB AUTO_INCREMENT=3 DEFAULT CHARSET=latin1;

--
-- Dumping data for table `pegawai`
--

INSERT INTO `pegawai` (`id`, `kode_user`, `nama`, `jabatan`, `username`, `password`) VALUES
(1, 'ADM', 'Andukot', 'Admin', 'ollanda', 'ollanda'),
(2, 'PGW-001', 'Idayani', 'Pegawai', 'gudang', 'ollanda');

-- --------------------------------------------------------

--
-- Table structure for table `pembelian`
--

CREATE TABLE IF NOT EXISTS `pembelian` (
  `ID_pembelian` varchar(50) NOT NULL,
  `ID_faktur` varchar(50) NOT NULL,
  `ID_supplier` varchar(10) NOT NULL,
  `ID_bahanbaku` varchar(10) NOT NULL,
  `pb_date` varchar(10) NOT NULL,
  `pb_date_tiba` varchar(50) NOT NULL,
  `pb_laporan` date NOT NULL,
  `pb_bulan` varchar(10) NOT NULL,
  `pb_tahun` int(10) NOT NULL,
  `pb_jumlah` varchar(10) NOT NULL,
  `pb_status` varchar(10) NOT NULL,
  `pb_porel` varchar(10) NOT NULL
) ENGINE=InnoDB DEFAULT CHARSET=latin1;

--
-- Dumping data for table `pembelian`
--

INSERT INTO `pembelian` (`ID_pembelian`, `ID_faktur`, `ID_supplier`, `ID_bahanbaku`, `pb_date`, `pb_date_tiba`, `pb_laporan`, `pb_bulan`, `pb_tahun`, `pb_jumlah`, `pb_status`, `pb_porel`) VALUES
('PB-0520-001', 'FAKTUR-0520-001', 'SUP-002', 'A-007', '06-05-2020', '10-05-2020', '2020-05-06', '05', 2020, '3000', 'Tiba', '1'),
('PB-0520-002', 'FAKTUR-0520-002', 'SUP-003', 'A-009', '06-05-2020', '10-05-2020', '2020-05-06', '05', 2020, '150', 'Tiba', '1'),
('PB-0520-003', 'FAKTUR-0520-003', 'SUP-001', 'A-001', '07-05-2020', '14-05-2020', '2020-05-07', '05', 2020, '150', 'Tiba', '1'),
('PB-0520-004', 'FAKTUR-0520-003', 'SUP-001', 'A-002', '07-05-2020', '14-05-2020', '2020-05-07', '05', 2020, '200', 'Tiba', '1'),
('PB-0520-005', 'FAKTUR-0520-003', 'SUP-001', 'A-003', '07-05-2020', '14-05-2020', '2020-05-07', '05', 2020, '130', 'Tiba', '1'),
('PB-0520-006', 'FAKTUR-0520-003', 'SUP-001', 'A-004', '07-05-2020', '14-05-2020', '2020-05-07', '05', 2020, '80', 'Tiba', '1'),
('PB-0520-007', 'FAKTUR-0520-004', 'SUP-001', 'A-008', '10-05-2020', '17-05-2020', '2020-05-10', '05', 2020, '50', 'Tiba', '1'),
('PB-0520-008', 'FAKTUR-0520-005', 'SUP-002', 'A-007', '17-05-2020', '21-05-2020', '2020-05-17', '05', 2020, '3000', 'Tiba', '1'),
('PB-0520-009', 'FAKTUR-0520-006', 'SUP-001', 'A-001', '20-05-2020', '27-05-2020', '2020-05-20', '05', 2020, '150', 'Tiba', '1'),
('PB-0520-010', 'FAKTUR-0520-006', 'SUP-001', 'A-002', '20-05-2020', '27-05-2020', '2020-05-20', '05', 2020, '200', 'Tiba', '1'),
('PB-0520-011', 'FAKTUR-0520-006', 'SUP-001', 'A-003', '20-05-2020', '27-05-2020', '2020-05-20', '05', 2020, '130', 'Tiba', '1'),
('PB-0520-012', 'FAKTUR-0520-006', 'SUP-001', 'A-008', '20-05-2020', '27-05-2020', '2020-05-20', '05', 2020, '50', 'Tiba', '1'),
('PB-0520-013', 'FAKTUR-0520-007', 'SUP-003', 'A-009', '21-05-2020', '25-05-2020', '2020-05-21', '05', 2020, '150', 'Tiba', '1'),
('PB-0520-014', 'FAKTUR-0520-008', 'SUP-001', 'A-006', '24-05-2020', '31-05-2020', '2020-05-24', '05', 2020, '5', 'Tiba', '1'),
('PB-0520-015', 'FAKTUR-0520-009', 'SUP-001', 'A-004', '23-05-2020', '30-05-2020', '2020-05-23', '05', 2020, '80', 'TIba', '1'),
('PB-0620-001', 'FAKTUR-0520-013', 'SUP-003', 'A-009', '05-06-2020', '09-06-2020', '2020-06-05', '06', 2020, '150', 'Tiba', '1'),
('PB-0620-002', 'FAKTUR-0520-014', 'SUP-002', 'A-007', '08-06-2020', '12-06-2020', '2020-06-08', '06', 2020, '3000', 'Tiba', '1'),
('PB-0620-003', 'FAKTUR-0520-015', 'SUP-001', 'A-004', '08-06-2020', '15-06-2020', '2020-06-08', '06', 2020, '80', 'Tiba', '1'),
('PB-0620-004', 'FAKTUR-0520-016', 'SUP-001', 'A-003', '02-06-2020', '09-06-2020', '2020-06-02', '06', 2020, '130', 'Tiba', '1'),
('PB-0620-005', 'FAKTUR-0520-016', 'SUP-001', 'A-002', '02-06-2020', '09-06-2020', '2020-06-02', '06', 2020, '200', 'Tiba', '1'),
('PB-0620-006', 'FAKTUR-0520-016', 'SUP-001', 'A-001', '02-06-2020', '09-06-2020', '2020-06-02', '06', 2020, '150', 'Tiba', '1');

-- --------------------------------------------------------

--
-- Table structure for table `penjualan`
--

CREATE TABLE IF NOT EXISTS `penjualan` (
  `ID_penjualan` varchar(50) NOT NULL,
  `ID_produk` varchar(50) NOT NULL,
  `pj_date` varchar(10) NOT NULL,
  `pj_laporan` date NOT NULL,
  `pj_bulan` varchar(10) NOT NULL,
  `pj_tahun` varchar(10) NOT NULL,
  `pj_jumlah` varchar(10) NOT NULL,
  `pj_harga` varchar(10) NOT NULL
) ENGINE=InnoDB DEFAULT CHARSET=latin1;

--
-- Dumping data for table `penjualan`
--

INSERT INTO `penjualan` (`ID_penjualan`, `ID_produk`, `pj_date`, `pj_laporan`, `pj_bulan`, `pj_tahun`, `pj_jumlah`, `pj_harga`) VALUES
('PJ-0018-001', 'P-001', '01-01-2018', '2018-01-01', '01', '2018', '2100', '126000000'),
('PJ-0018-002', 'P-001', '01-02-2018', '2018-02-01', '02', '2018', '1950', '117000000'),
('PJ-0018-003', 'P-001', '01-03-2018', '2018-03-01', '03', '2018', '2250', '135000000'),
('PJ-0018-004', 'P-001', '01-04-2018', '2018-04-01', '04', '2018', '2300', '138000000'),
('PJ-0018-005', 'P-001', '01-05-2018', '2018-05-01', '05', '2018', '1800', '108000000'),
('PJ-0018-006', 'P-001', '01-06-2018', '2018-06-01', '06', '2018', '1450', '87000000'),
('PJ-0018-007', 'P-001', '01-07-2018', '2018-07-01', '07', '2018', '2008', '120480000'),
('PJ-0018-008', 'P-001', '01-08-2018', '2018-08-01', '08', '2018', '1960', '117600000'),
('PJ-0018-009', 'P-001', '01-09-2018', '2018-09-01', '09', '2018', '2000', '120000000'),
('PJ-0018-010', 'P-001', '01-10-2018', '2018-10-01', '10', '2018', '2080', '124800000'),
('PJ-0018-011', 'P-001', '01-11-2018', '2018-11-01', '11', '2018', '1970', '118200000'),
('PJ-0018-012', 'P-001', '01-12-2018', '2018-12-01', '12', '2018', '2120', '127200000'),
('PJ-0019-001', 'P-001', '01-01-2019', '2019-01-01', '01', '2019', '1938', '133560000'),
('PJ-0019-002', 'P-001', '01-02-2019', '2019-02-01', '02', '2019', '2005', '120300000'),
('PJ-0019-003', 'P-001', '01-03-2019', '2019-03-01', '03', '2019', '1995', '133860000'),
('PJ-0019-004', 'P-001', '01-04-2019', '2019-04-01', '04', '2019', '2136', '128160000'),
('PJ-0019-005', 'P-001', '01-05-2019', '2019-05-01', '05', '2019', '1980', '101700000'),
('PJ-0019-006', 'P-001', '01-06-2019', '2019-06-01', '06', '2019', '1865', '127320000'),
('PJ-0019-007', 'P-001', '01-07-2019', '2019-07-01', '07', '2019', '1941', '132900000'),
('PJ-0019-008', 'P-001', '01-08-2019', '2019-08-01', '08', '2019', '1977', '133440000'),
('PJ-0019-009', 'P-001', '01-09-2019', '2019-09-01', '09', '2019', '1880', '129900000'),
('PJ-0019-010', 'P-001', '01-10-2019', '2019-10-01', '10', '2019', '1994', '132420000'),
('PJ-0019-011', 'P-001', '01-11-2019', '2019-11-01', '11', '2019', '1983', '128520000'),
('PJ-0019-012', 'P-001', '01-12-2019', '2019-12-01', '12', '2019', '2039', '134580000'),
('PJ-0120-001', 'P-001', '01-01-2020', '2020-01-01', '01', '2020', '68', '4080000'),
('PJ-0120-002', 'P-001', '02-01-2020', '2020-01-02', '01', '2020', '67', '4020000'),
('PJ-0120-003', 'P-001', '03-01-2020', '2020-01-03', '01', '2020', '68', '4080000'),
('PJ-0120-004', 'P-001', '04-01-2020', '2020-01-04', '01', '2020', '68', '4080000'),
('PJ-0120-005', 'P-001', '05-01-2020', '2020-01-05', '01', '2020', '68', '4080000'),
('PJ-0120-006', 'P-001', '06-01-2020', '2020-01-06', '01', '2020', '67', '4020000'),
('PJ-0120-007', 'P-001', '07-01-2020', '2020-01-07', '01', '2020', '67', '4020000'),
('PJ-0120-008', 'P-001', '08-01-2020', '2020-01-08', '01', '2020', '67', '4020000'),
('PJ-0120-009', 'P-001', '09-01-2020', '2020-01-09', '01', '2020', '68', '4080000'),
('PJ-0120-010', 'P-001', '10-01-2020', '2020-01-10', '01', '2020', '68', '4080000'),
('PJ-0120-011', 'P-001', '11-01-2020', '2020-01-11', '01', '2020', '68', '4080000'),
('PJ-0120-012', 'P-001', '12-01-2020', '2020-01-12', '01', '2020', '66', '3960000'),
('PJ-0120-013', 'P-001', '13-01-2020', '2020-01-13', '01', '2020', '66', '3960000'),
('PJ-0120-014', 'P-001', '14-01-2020', '2020-01-14', '01', '2020', '67', '4020000'),
('PJ-0120-015', 'P-001', '15-01-2020', '2020-01-15', '01', '2020', '66', '3960000'),
('PJ-0120-016', 'P-001', '16-01-2020', '2020-01-16', '01', '2020', '65', '3900000'),
('PJ-0120-017', 'P-001', '17-01-2020', '2020-01-17', '01', '2020', '66', '3960000'),
('PJ-0120-018', 'P-001', '18-01-2020', '2020-01-18', '01', '2020', '63', '3780000'),
('PJ-0120-019', 'P-001', '19-01-2020', '2020-01-19', '01', '2020', '63', '3780000'),
('PJ-0120-020', 'P-001', '20-01-2020', '2020-01-20', '01', '2020', '62', '3720000'),
('PJ-0120-021', 'P-001', '21-01-2020', '2020-01-21', '01', '2020', '63', '3780000'),
('PJ-0120-022', 'P-001', '22-01-2020', '2020-01-22', '01', '2020', '62', '3720000'),
('PJ-0120-023', 'P-001', '23-01-2020', '2020-01-23', '01', '2020', '62', '3720000'),
('PJ-0120-024', 'P-001', '24-01-2020', '2020-01-24', '01', '2020', '61', '3660000'),
('PJ-0120-025', 'P-001', '25-01-2020', '2020-01-25', '01', '2020', '59', '3540000'),
('PJ-0120-026', 'P-001', '26-01-2020', '2020-01-26', '01', '2020', '60', '3600000'),
('PJ-0120-027', 'P-001', '27-01-2020', '2020-01-27', '01', '2020', '60', '3660000'),
('PJ-0120-028', 'P-001', '28-01-2020', '2020-01-28', '01', '2020', '59', '3540000'),
('PJ-0120-029', 'P-001', '29-01-2020', '2020-01-29', '01', '2020', '57', '3420000'),
('PJ-0120-030', 'P-001', '30-01-2020', '2020-01-30', '01', '2020', '55', '3300000'),
('PJ-0120-031', 'P-001', '31-01-2020', '2020-01-30', '01', '2020', '55', '3300000'),
('PJ-0220-001', 'P-001', '01-02-2020', '2020-02-01', '02', '2020', '54', '3240000'),
('PJ-0220-002', 'P-001', '02-02-2020', '2020-02-02', '02', '2020', '52', '3120000'),
('PJ-0220-003', 'P-001', '03-02-2020', '2020-02-03', '02', '2020', '52', '3120000'),
('PJ-0220-004', 'P-001', '04-02-2020', '2020-02-04', '02', '2020', '51', '3060000'),
('PJ-0220-005', 'P-001', '05-02-2020', '2020-02-05', '02', '2020', '51', '3060000'),
('PJ-0220-006', 'P-001', '06-02-2020', '2020-02-06', '02', '2020', '50', '3000000'),
('PJ-0220-007', 'P-001', '07-02-2020', '2020-02-07', '02', '2020', '50', '3000000'),
('PJ-0220-008', 'P-001', '08-02-2020', '2020-02-08', '02', '2020', '49', '2940000'),
('PJ-0220-009', 'P-001', '09-02-2020', '2020-02-09', '02', '2020', '50', '3000000'),
('PJ-0220-010', 'P-001', '10-02-2020', '2020-02-10', '02', '2020', '49', '2940000'),
('PJ-0220-011', 'P-001', '11-02-2020', '2020-02-11', '02', '2020', '50', '3000000'),
('PJ-0220-012', 'P-001', '12-02-2020', '2020-02-12', '02', '2020', '48', '2880000'),
('PJ-0220-013', 'P-001', '13-02-2020', '2020-02-13', '02', '2020', '47', '2820000'),
('PJ-0220-014', 'P-001', '14-02-2020', '2020-02-14', '02', '2020', '48', '2880000'),
('PJ-0220-015', 'P-001', '15-02-2020', '2020-02-15', '02', '2020', '46', '2760000'),
('PJ-0220-016', 'P-001', '16-02-2020', '2020-02-16', '02', '2020', '47', '2820000'),
('PJ-0220-017', 'P-001', '17-02-2020', '2020-02-17', '02', '2020', '47', '2820000'),
('PJ-0220-018', 'P-001', '18-02-2020', '2020-02-18', '02', '2020', '46', '2760000'),
('PJ-0220-019', 'P-001', '19-02-2020', '2020-02-19', '02', '2020', '45', '2700000'),
('PJ-0220-020', 'P-001', '20-02-2020', '2020-02-20', '02', '2020', '46', '2760000'),
('PJ-0220-021', 'P-001', '21-02-2020', '2020-02-21', '02', '2020', '47', '2820000'),
('PJ-0220-022', 'P-001', '22-02-2020', '2020-02-22', '02', '2020', '46', '2760000'),
('PJ-0220-023', 'P-001', '23-02-2020', '2020-02-23', '02', '2020', '45', '2700000'),
('PJ-0220-024', 'P-001', '24-02-2020', '2020-02-24', '02', '2020', '46', '2760000'),
('PJ-0220-025', 'P-001', '25-02-2020', '2020-02-25', '02', '2020', '46', '2760000'),
('PJ-0220-026', 'P-001', '26-02-2020', '2020-02-26', '02', '2020', '46', '2760000'),
('PJ-0220-027', 'P-001', '27-02-2020', '2020-02-27', '02', '2020', '47', '2820000'),
('PJ-0220-028', 'P-001', '28-02-2020', '2020-02-28', '02', '2020', '45', '2700000'),
('PJ-0220-029', 'P-001', '29-02-2020', '2020-03-29', '02', '2020', '45', '2700000'),
('PJ-0320-001', 'P-001', '01-03-2020', '2020-03-01', '03', '2020', '45', '2700000'),
('PJ-0320-002', 'P-001', '02-03-2020', '2020-03-02', '03', '2020', '45', '2700000'),
('PJ-0320-003', 'P-001', '03-03-2020', '2020-03-03', '03', '2020', '43', '2580000'),
('PJ-0320-004', 'P-001', '04-03-2020', '2020-03-04', '03', '2020', '44', '2640000'),
('PJ-0320-005', 'P-001', '05-03-2020', '2020-03-05', '03', '2020', '46', '2760000'),
('PJ-0320-006', 'P-001', '06-03-2020', '2020-03-06', '03', '2020', '46', '2760000'),
('PJ-0320-007', 'P-001', '07-03-2020', '2020-03-07', '03', '2020', '47', '2820000'),
('PJ-0320-008', 'P-001', '08-03-2020', '2020-03-08', '03', '2020', '45', '2700000'),
('PJ-0320-009', 'P-001', '09-03-2020', '2020-03-09', '03', '2020', '44', '2640000'),
('PJ-0320-010', 'P-001', '10-03-2020', '2020-03-10', '03', '2020', '43', '2580000'),
('PJ-0320-011', 'P-001', '11-03-2020', '2020-03-11', '03', '2020', '43', '2580000'),
('PJ-0320-012', 'P-001', '12-03-2020', '2020-03-12', '03', '2020', '44', '2640000'),
('PJ-0320-013', 'P-001', '13-03-2020', '2020-03-13', '03', '2020', '45', '2700000'),
('PJ-0320-014', 'P-001', '14-03-2020', '2020-04-14', '03', '2020', '46', '2760000'),
('PJ-0320-015', 'P-001', '15-03-2020', '2020-03-15', '03', '2020', '46', '2760000'),
('PJ-0320-016', 'P-001', '16-03-2020', '2020-03-16', '03', '2020', '45', '2700000'),
('PJ-0320-017', 'P-001', '17-03-2020', '2020-03-17', '03', '2020', '44', '2640000'),
('PJ-0320-018', 'P-001', '18-03-2020', '2020-03-18', '03', '2020', '45', '2700000'),
('PJ-0320-019', 'P-001', '19-03-2020', '2020-03-19', '03', '2020', '45', '2700000'),
('PJ-0320-020', 'P-001', '20-03-2020', '2020-03-20', '03', '2020', '48', '2880000'),
('PJ-0320-021', 'P-001', '21-03-2020', '2020-03-21', '03', '2020', '47', '2820000'),
('PJ-0320-022', 'P-001', '22-03-2020', '2020-03-22', '03', '2020', '46', '2760000'),
('PJ-0320-023', 'P-001', '23-03-2020', '2020-03-23', '03', '2020', '45', '2700000'),
('PJ-0320-024', 'P-001', '24-03-2020', '2020-03-24', '03', '2020', '44', '2640000'),
('PJ-0320-025', 'P-001', '25-03-2020', '2020-04-25', '03', '2020', '45', '2700000'),
('PJ-0320-026', 'P-001', '26-03-2020', '2020-03-26', '03', '2020', '45', '2700000'),
('PJ-0320-027', 'P-001', '27-03-2020', '2020-04-27', '03', '2020', '48', '2880000'),
('PJ-0320-028', 'P-001', '28-03-2020', '2020-03-28', '03', '2020', '47', '2820000'),
('PJ-0320-029', 'P-001', '29-03-2020', '2020-03-29', '03', '2020', '47', '2820000'),
('PJ-0320-030', 'P-001', '30-03-2020', '2020-03-30', '03', '2020', '46', '2760000'),
('PJ-0320-031', 'P-001', '31-03-2020', '2020-03-31', '03', '2020', '45', '2700000'),
('PJ-0420-001', 'P-001', '01-04-2020', '2020-04-01', '04', '2020', '44', '2640000'),
('PJ-0420-002', 'P-001', '02-04-2020', '2020-04-02', '04', '2020', '45', '2700000'),
('PJ-0420-003', 'P-001', '03-04-2020', '2020-04-03', '04', '2020', '47', '2820000'),
('PJ-0420-004', 'P-001', '04-04-2020', '2020-04-04', '04', '2020', '46', '2760000'),
('PJ-0420-005', 'P-001', '05-04-2020', '2020-04-05', '04', '2020', '45', '2700000'),
('PJ-0420-006', 'P-001', '06-04-2020', '2020-04-06', '04', '2020', '44', '2640000'),
('PJ-0420-007', 'P-001', '07-04-2020', '2020-04-07', '04', '2020', '44', '2640000'),
('PJ-0420-008', 'P-001', '08-04-2020', '2020-04-08', '04', '2020', '45', '2700000'),
('PJ-0420-009', 'P-001', '09-04-2020', '2020-04-09', '04', '2020', '45', '2700000'),
('PJ-0420-010', 'P-001', '10-04-2020', '2020-04-10', '04', '2020', '46', '2760000'),
('PJ-0420-011', 'P-001', '11-04-2020', '2020-04-11', '04', '2020', '46', '2760000'),
('PJ-0420-012', 'P-001', '12-04-2020', '2020-04-12', '04', '2020', '46', '2760000'),
('PJ-0420-013', 'P-001', '13-04-2020', '2020-04-13', '04', '2020', '43', '2580000'),
('PJ-0420-014', 'P-001', '14-04-2020', '2020-04-14', '04', '2020', '44', '2640000'),
('PJ-0420-015', 'P-001', '15-04-2020', '2020-04-15', '04', '2020', '44', '2640000'),
('PJ-0420-016', 'P-001', '16-04-2020', '2020-04-16', '04', '2020', '45', '2700000'),
('PJ-0420-017', 'P-001', '17-04-2020', '2020-04-17', '04', '2020', '47', '2820000'),
('PJ-0420-018', 'P-001', '18-04-2020', '2020-04-18', '04', '2020', '48', '2880000'),
('PJ-0420-019', 'P-001', '19-04-2020', '2020-04-19', '04', '2020', '47', '2820000'),
('PJ-0420-020', 'P-001', '20-04-2020', '2020-04-20', '04', '2020', '46', '2760000'),
('PJ-0420-021', 'P-001', '21-04-2020', '2020-04-21', '04', '2020', '46', '2760000'),
('PJ-0420-022', 'P-001', '22-04-2020', '2020-04-22', '04', '2020', '45', '2700000'),
('PJ-0420-023', 'P-001', '23-04-2020', '2020-04-23', '04', '2020', '45', '2700000'),
('PJ-0420-024', 'P-001', '24-04-2020', '2020-04-24', '04', '2020', '48', '2880000'),
('PJ-0420-025', 'P-001', '25-04-2020', '2020-04-25', '04', '2020', '45', '270000'),
('PJ-0420-026', 'P-001', '26-04-2020', '2020-04-26', '04', '2020', '48', '2880000'),
('PJ-0420-027', 'P-001', '27-04-2020', '2020-04-27', '04', '2020', '43', '2580000'),
('PJ-0420-028', 'P-001', '28-04-2020', '2020-04-28', '04', '2020', '44', '2640000'),
('PJ-0420-029', 'P-001', '29-04-2020', '2020-04-29', '04', '2020', '45', '2700000'),
('PJ-0420-030', 'P-001', '30-04-2020', '2020-04-30', '04', '2020', '45', '2700000'),
('PJ-0520-001', 'P-001', '01-05-2020', '2020-05-01', '05', '2020', '50', '3000000'),
('PJ-0520-002', 'P-001', '02-05-2020', '2020-05-02', '05', '2020', '48', '2880000'),
('PJ-0520-003', 'P-001', '03-05-2020', '2020-05-03', '05', '2020', '48', '2880000'),
('PJ-0520-004', 'P-001', '04-05-2020', '2020-05-04', '05', '2020', '43', '2580000'),
('PJ-0520-005', 'P-001', '05-05-2020', '2020-05-05', '05', '2020', '42', '2520000'),
('PJ-0520-006', 'P-001', '06-05-2020', '2020-05-06', '05', '2020', '43', '2580000'),
('PJ-0520-007', 'P-001', '07-05-2020', '2020-05-07', '05', '2020', '44', '2640000'),
('PJ-0520-008', 'P-001', '08-05-2020', '2020-05-08', '05', '2020', '50', '3000000'),
('PJ-0520-009', 'P-001', '09-05-2020', '2020-05-09', '05', '2020', '49', '2940000'),
('PJ-0520-010', 'P-001', '10-05-2020', '2020-05-10', '05', '2020', '49', '2940000'),
('PJ-0520-011', 'P-001', '11-05-2020', '2020-05-11', '05', '2020', '45', '2700000'),
('PJ-0520-012', 'P-001', '12-05-2020', '2020-05-12', '05', '2020', '45', '2700000'),
('PJ-0520-013', 'P-001', '13-05-2020', '2020-05-13', '05', '2020', '43', '2580000'),
('PJ-0520-014', 'P-001', '14-05-2020', '2020-05-14', '05', '2020', '44', '2640000'),
('PJ-0520-015', 'P-001', '15-05-2020', '2020-05-15', '05', '2020', '47', '2820000'),
('PJ-0520-016', 'P-001', '16-05-2020', '2020-05-16', '05', '2020', '47', '2820000'),
('PJ-0520-017', 'P-001', '17-05-2020', '2020-05-17', '05', '2020', '49', '2940000'),
('PJ-0520-018', 'P-001', '18-05-2020', '2020-05-18', '05', '2020', '43', '2580000'),
('PJ-0520-019', 'P-001', '19-05-2020', '2020-05-19', '05', '2020', '44', '2640000'),
('PJ-0520-020', 'P-001', '20-05-2020', '2020-05-20', '05', '2020', '45', '2700000'),
('PJ-0520-021', 'P-001', '21-05-2020', '2020-05-21', '05', '2020', '44', '2640000'),
('PJ-0520-022', 'P-001', '22-05-2020', '2020-05-22', '05', '2020', '48', '2880000'),
('PJ-0520-023', 'P-001', '23-05-2020', '2020-05-23', '05', '2020', '47', '2820000'),
('PJ-0520-024', 'P-001', '24-05-2020', '2020-05-24', '05', '2020', '47', '2820000'),
('PJ-0520-025', 'P-001', '25-05-2020', '2020-05-25', '05', '2020', '43', '2580000'),
('PJ-0520-026', 'P-001', '26-05-2020', '2020-05-26', '05', '2020', '43', '2580000'),
('PJ-0520-027', 'P-001', '27-05-2020', '2020-05-27', '05', '2020', '42', '2520000'),
('PJ-0520-028', 'P-001', '28-05-2020', '2020-05-28', '05', '2020', '45', '2700000'),
('PJ-0520-029', 'P-001', '29-05-2020', '2020-05-29', '05', '2020', '49', '2940000'),
('PJ-0520-030', 'P-001', '30-05-2020', '2020-05-30', '05', '2020', '49', '2940000'),
('PJ-0520-031', 'P-001', '31-05-2020', '2020-05-31', '05', '2020', '50', '3000000'),
('PJ-0620-001', 'P-001', '01-06-2020', '2020-06-01', '06', '2020', '42', '2520000'),
('PJ-0620-002', 'P-001', '02-06-2020', '2020-06-02', '06', '2020', '43', '2580000'),
('PJ-0620-003', 'P-001', '03-06-2020', '2020-06-03', '06', '2020', '43', '2580000'),
('PJ-0620-004', 'P-001', '04-06-2020', '2020-06-04', '06', '2020', '45', '2700000'),
('PJ-0620-005', 'P-001', '05-06-2020', '2020-06-05', '06', '2020', '40', '2400000'),
('PJ-0620-006', 'P-001', '06-06-2020', '2020-06-06', '06', '2020', '45', '2700000'),
('PJ-0620-007', 'P-001', '07-06-2020', '2020-06-07', '06', '2020', '46', '2760000'),
('PJ-0620-008', 'P-001', '08-06-2020', '2020-06-08', '06', '2020', '46', '2760000'),
('PJ-0620-009', 'P-001', '09-06-2020', '2020-06-09', '06', '2020', '46', '2760000'),
('PJ-0620-010', 'P-001', '10-06-2020', '2020-06-10', '06', '2020', '44', '2640000'),
('PJ-0620-011', 'P-001', '11-06-2020', '2020-06-11', '06', '2020', '45', '2700000'),
('PJ-0620-012', 'P-001', '12-06-2020', '2020-06-12', '06', '2020', '50', '3000000'),
('PJ-0620-013', 'P-001', '13-06-2020', '2020-06-13', '06', '2020', '46', '2760000'),
('PJ-0620-014', 'P-001', '14-06-2020', '2020-06-14', '06', '2020', '47', '2820000'),
('PJ-0620-015', 'P-001', '15-06-2020', '2020-06-15', '06', '2020', '45', '2700000'),
('PJ-0620-016', 'P-001', '16-06-2020', '2020-06-16', '06', '2020', '45', '2700000'),
('PJ-0620-017', 'P-001', '17-06-2020', '2020-06-17', '06', '2020', '45', '2700000'),
('PJ-0620-018', 'P-001', '18-06-2020', '2020-06-18', '06', '2020', '45', '2700000'),
('PJ-0620-019', 'P-001', '19-06-2020', '2020-06-19', '06', '2020', '48', '2880000'),
('PJ-0620-020', 'P-001', '20-06-2020', '2020-06-20', '06', '2020', '46', '2760000'),
('PJ-0620-021', 'P-001', '21-06-2020', '2020-06-21', '06', '2020', '47', '2820000'),
('PJ-0620-022', 'P-001', '22-06-2020', '2020-06-22', '06', '2020', '45', '2700000'),
('PJ-0620-023', 'P-001', '23-06-2020', '2020-06-23', '06', '2020', '44', '2640000'),
('PJ-0620-024', 'P-001', '24-06-2020', '2020-06-24', '06', '2020', '44', '2640000'),
('PJ-0620-025', 'P-001', '25-06-2020', '2020-06-25', '06', '2020', '43', '2580000'),
('PJ-0620-026', 'P-001', '26-06-2020', '2020-06-26', '06', '2020', '47', '2820000'),
('PJ-0620-027', 'P-001', '27-06-2020', '2020-06-27', '06', '2020', '45', '2700000'),
('PJ-0620-028', 'P-001', '28-06-2020', '2020-06-28', '06', '2020', '46', '2760000'),
('PJ-0620-029', 'P-001', '29-06-2020', '2020-06-29', '06', '2020', '45', '2700000'),
('PJ-0620-030', 'P-001', '30-06-2020', '2020-06-30', '06', '2020', '45', '2700000');

-- --------------------------------------------------------

--
-- Table structure for table `peramalan`
--

CREATE TABLE IF NOT EXISTS `peramalan` (
  `ID` varchar(50) NOT NULL,
  `ID_produk` varchar(10) NOT NULL,
  `bulan` varchar(10) NOT NULL,
  `tahun` varchar(4) NOT NULL,
  `jumlah` double NOT NULL,
  `smoothing` double NOT NULL,
  `forecast` double NOT NULL
) ENGINE=InnoDB DEFAULT CHARSET=utf8mb4;

--
-- Dumping data for table `peramalan`
--

INSERT INTO `peramalan` (`ID`, `ID_produk`, `bulan`, `tahun`, `jumlah`, `smoothing`, `forecast`) VALUES
('2018-P-001-01', 'P-001', '01', '2018', 2100, 1987.5, 1975),
('2018-P-001-02', 'P-001', '02', '2018', 1950, 1983.75, 1988),
('2018-P-001-03', 'P-001', '03', '2018', 2250, 2010.38, 1984),
('2018-P-001-04', 'P-001', '04', '2018', 2300, 2039.34, 2011),
('2018-P-001-05', 'P-001', '05', '2018', 1800, 2015.41, 2040),
('2018-P-001-06', 'P-001', '06', '2018', 1450, 1958.87, 2016),
('2018-P-001-07', 'P-001', '07', '2018', 2008, 1963.78, 1959),
('2018-P-001-08', 'P-001', '08', '2018', 1960, 1963.4, 1964),
('2018-P-001-09', 'P-001', '09', '2018', 2000, 1967.06, 1964),
('2018-P-001-10', 'P-001', '10', '2018', 2080, 1978.35, 1968),
('2018-P-001-11', 'P-001', '11', '2018', 1970, 1977.52, 1979),
('2018-P-001-12', 'P-001', '12', '2018', 2120, 1991.77, 1978),
('2019-P-001-01', 'P-001', '01', '2019', 1938, 1981.95, 1986.8333333333),
('2019-P-001-02', 'P-001', '02', '2019', 2005, 1984.26, 1982),
('2019-P-001-03', 'P-001', '03', '2019', 1995, 1985.33, 1985),
('2019-P-001-04', 'P-001', '04', '2019', 2138, 2000.6, 1986),
('2019-P-001-05', 'P-001', '05', '2019', 1980, 1998.54, 2001),
('2019-P-001-06', 'P-001', '06', '2019', 1865, 1985.19, 1999),
('2019-P-001-07', 'P-001', '07', '2019', 1941, 1980.77, 1986),
('2019-P-001-08', 'P-001', '08', '2019', 1977, 1980.39, 1981),
('2019-P-001-09', 'P-001', '09', '2019', 1880, 1970.35, 1981),
('2019-P-001-10', 'P-001', '10', '2019', 1994, 1972.72, 1971),
('2019-P-001-11', 'P-001', '11', '2019', 1983, 1973.75, 1973),
('2019-P-001-12', 'P-001', '12', '2019', 2039, 1980.28, 1974);

-- --------------------------------------------------------

--
-- Table structure for table `produk`
--

CREATE TABLE IF NOT EXISTS `produk` (
  `ID_produk` varchar(50) NOT NULL,
  `nama_produk` varchar(50) NOT NULL
) ENGINE=InnoDB DEFAULT CHARSET=latin1;

--
-- Dumping data for table `produk`
--

INSERT INTO `produk` (`ID_produk`, `nama_produk`) VALUES
('P-001', 'Brownies Kukus Polos'),
('P-002', 'Brownies Kukus Keju ');

-- --------------------------------------------------------

--
-- Table structure for table `produksi`
--

CREATE TABLE IF NOT EXISTS `produksi` (
  `ID_produksi` varchar(50) NOT NULL,
  `ID_produk` varchar(50) NOT NULL,
  `pr_date` varchar(10) NOT NULL,
  `pr_laporan` date NOT NULL,
  `pr_bulan` varchar(10) NOT NULL,
  `pr_tahun` varchar(50) NOT NULL,
  `pr_ramal` int(10) NOT NULL,
  `pr_tambahan` int(10) NOT NULL,
  `pr_sr` int(10) NOT NULL,
  `pr_total` int(10) NOT NULL,
  `pr_jual` int(10) NOT NULL
) ENGINE=InnoDB DEFAULT CHARSET=latin1;

--
-- Dumping data for table `produksi`
--

INSERT INTO `produksi` (`ID_produksi`, `ID_produk`, `pr_date`, `pr_laporan`, `pr_bulan`, `pr_tahun`, `pr_ramal`, `pr_tambahan`, `pr_sr`, `pr_total`, `pr_jual`) VALUES
('PR-0520-001', 'P-001', '04-05-2020', '2020-05-04', '05', '2020', 0, 44, 0, 44, 43),
('PR-0520-002', 'P-001', '05-05-2020', '2020-05-05', '05', '2020', 0, 43, 0, 43, 42),
('PR-0520-003', 'P-001', '06-05-2020', '2020-05-06', '05', '2020', 0, 43, 0, 43, 43),
('PR-0520-004', 'P-001', '07-05-2020', '2020-05-07', '05', '2020', 0, 44, 0, 44, 44),
('PR-0520-005', 'P-001', '08-05-2020', '2020-05-08', '05', '2020', 0, 50, 0, 50, 50),
('PR-0520-006', 'P-001', '09-05-2020', '2020-05-09', '05', '2020', 0, 50, 0, 50, 49),
('PR-0520-007', 'P-001', '10-05-2020', '2020-05-10', '05', '2020', 0, 50, 0, 50, 49),
('PR-0520-008', 'P-001', '11-05-2020', '2020-05-11', '05', '2020', 0, 45, 0, 45, 45),
('PR-0520-009', 'P-001', '12-05-2020', '2020-05-12', '05', '2020', 0, 45, 0, 45, 45),
('PR-0520-010', 'P-001', '13-05-2020', '2020-05-13', '05', '2020', 0, 44, 0, 44, 43),
('PR-0520-011', 'P-001', '14-05-2020', '2020-05-14', '05', '2020', 0, 44, 0, 44, 44),
('PR-0520-012', 'P-001', '15-05-2020', '2020-05-15', '05', '2020', 0, 48, 0, 48, 47),
('PR-0520-013', 'P-001', '16-05-2020', '2020-05-16', '05', '2020', 0, 47, 0, 47, 47),
('PR-0520-014', 'P-001', '17-05-2020', '2020-05-17', '05', '2020', 0, 49, 0, 49, 49),
('PR-0520-015', 'P-001', '18-05-2020', '2020-05-18', '05', '2020', 0, 44, 0, 44, 43),
('PR-0520-016', 'P-001', '19-05-2020', '2020-05-19', '05', '2020', 0, 44, 0, 44, 44),
('PR-0520-017', 'P-001', '20-05-2020', '2020-05-20', '05', '2020', 0, 45, 0, 45, 45),
('PR-0520-018', 'P-001', '21-05-2020', '2020-05-21', '05', '2020', 0, 44, 0, 44, 44),
('PR-0520-019', 'P-001', '22-05-2020', '2020-05-22', '05', '2020', 0, 48, 0, 48, 48),
('PR-0520-020', 'P-001', '23-05-2020', '2020-05-23', '05', '2020', 0, 48, 0, 48, 47),
('PR-0520-021', 'P-001', '24-05-2020', '2020-05-24', '05', '2020', 0, 47, 0, 47, 47),
('PR-0520-022', 'P-001', '25-05-2020', '2020-05-25', '05', '2020', 0, 43, 0, 43, 43),
('PR-0520-023', 'P-001', '26-05-2020', '2020-05-26', '05', '2020', 0, 44, 0, 44, 43),
('PR-0520-024', 'P-001', '27-05-2020', '2020-05-27', '05', '2020', 0, 43, 0, 43, 42),
('PR-0520-025', 'P-001', '28-05-2020', '2020-05-28', '05', '2020', 0, 45, 0, 45, 45),
('PR-0520-026', 'P-001', '29-05-2020', '2020-05-29', '05', '2020', 0, 50, 0, 50, 49),
('PR-0520-027', 'P-001', '30-05-2020', '2020-05-30', '05', '2020', 0, 50, 0, 50, 49),
('PR-0520-028', 'P-001', '31-05-2020', '2020-05-31', '05', '2020', 0, 50, 0, 50, 50),
('PR-0620-001', 'P-001', '01-06-2020', '2020-06-01', '06', '2020', 0, 42, 0, 42, 42),
('PR-0620-002', 'P-001', '02-06-2020', '2020-06-02', '06', '2020', 0, 43, 0, 43, 43),
('PR-0620-003', 'P-001', '03-06-2020', '2020-06-03', '06', '2020', 0, 43, 0, 43, 43),
('PR-0620-004', 'P-001', '04-06-2020', '2020-06-04', '06', '2020', 0, 45, 0, 45, 45),
('PR-0620-005', 'P-001', '05-06-2020', '2020-06-05', '06', '2020', 0, 40, 0, 40, 40),
('PR-0620-006', 'P-001', '06-06-2020', '2020-06-06', '06', '2020', 0, 45, 0, 45, 45),
('PR-0620-007', 'P-001', '07-06-2020', '2020-06-07', '06', '2020', 0, 46, 0, 46, 46),
('PR-0620-008', 'P-001', '08-06-2020', '2020-06-08', '06', '2020', 0, 46, 0, 46, 46),
('PR-0620-009', 'P-001', '09-06-2020', '2020-06-09', '06', '2020', 0, 46, 0, 46, 46),
('PR-0620-010', 'P-001', '10-06-2020', '2020-06-10', '06', '2020', 0, 46, 0, 46, 44),
('PR-0620-011', 'P-001', '11-06-2020', '2020-06-11', '06', '2020', 0, 45, 0, 45, 45),
('PR-0620-012', 'P-001', '12-06-2020', '2020-06-12', '06', '2020', 0, 50, 0, 50, 50),
('PR-0620-013', 'P-001', '13-06-2020', '2020-06-13', '06', '2020', 0, 48, 0, 48, 46),
('PR-0620-014', 'P-001', '14-06-2020', '2020-06-14', '06', '2020', 0, 47, 0, 47, 47),
('PR-0620-015', 'P-001', '15-06-2020', '2020-06-15', '06', '2020', 0, 45, 0, 45, 45);

-- --------------------------------------------------------

--
-- Table structure for table `produksi_temp`
--

CREATE TABLE IF NOT EXISTS `produksi_temp` (
`ID_produksi` int(11) NOT NULL,
  `ID_produk` varchar(25) NOT NULL,
  `pr_date` varchar(20) NOT NULL,
  `pr_ramal` int(11) NOT NULL,
  `pr_tambahan` int(11) NOT NULL,
  `pr_sr` int(11) NOT NULL,
  `pr_total` int(11) NOT NULL
) ENGINE=InnoDB DEFAULT CHARSET=latin1;

-- --------------------------------------------------------

--
-- Table structure for table `supplier`
--

CREATE TABLE IF NOT EXISTS `supplier` (
  `ID_supplier` varchar(11) NOT NULL,
  `nama_supplier` varchar(255) NOT NULL,
  `alamat_supplier` varchar(255) NOT NULL,
  `telp_supplier` varchar(255) NOT NULL,
  `email_supplier` varchar(50) NOT NULL
) ENGINE=InnoDB DEFAULT CHARSET=latin1;

--
-- Dumping data for table `supplier`
--

INSERT INTO `supplier` (`ID_supplier`, `nama_supplier`, `alamat_supplier`, `telp_supplier`, `email_supplier`) VALUES
('SUP-001', 'Bahan Kue Aroma Baru', 'Jl. Jenderal Sudirman No 320', '0761481817', 'driedpctals@gmail.com'),
('SUP-002', 'Mandiri Farm Pekanbaru', 'Jl. Hangtuah No 69 B (Depan Pasar Sail)', '085263722888', 'unappreciatedemail@email.com'),
('SUP-003', 'Toko Bahan Kue Juita', 'Jl Nilam 54 B  Pekanbaru-Riau ', '081378025532', 'unappreciatedemail@gmail.com');

-- --------------------------------------------------------

--
-- Table structure for table `ukuran`
--

CREATE TABLE IF NOT EXISTS `ukuran` (
`ID_ukuran` int(11) NOT NULL,
  `ukuran` varchar(50) NOT NULL,
  `nilai` varchar(50) NOT NULL,
  `unit` varchar(50) NOT NULL
) ENGINE=InnoDB AUTO_INCREMENT=7 DEFAULT CHARSET=latin1;

--
-- Dumping data for table `ukuran`
--

INSERT INTO `ukuran` (`ID_ukuran`, `ukuran`, `nilai`, `unit`) VALUES
(1, 'sak', '25', 'kg'),
(2, 'karung', '50', 'kg'),
(3, 'box', '15', 'kg'),
(4, 'bungkus', '1', 'kg'),
(5, 'papan', '30', 'butir'),
(6, 'karton lusinan', '24', 'kg');

--
-- Indexes for dumped tables
--

--
-- Indexes for table `bahanbaku`
--
ALTER TABLE `bahanbaku`
 ADD PRIMARY KEY (`ID_bahanbaku`), ADD KEY `kode_supplier` (`ID_supplier`);

--
-- Indexes for table `bom`
--
ALTER TABLE `bom`
 ADD PRIMARY KEY (`ID_bom`), ADD KEY `ID` (`ID_bahanbaku`);

--
-- Indexes for table `bom_temp1`
--
ALTER TABLE `bom_temp1`
 ADD PRIMARY KEY (`ID_sr`);

--
-- Indexes for table `bom_temp2`
--
ALTER TABLE `bom_temp2`
 ADD PRIMARY KEY (`ID_sr`);

--
-- Indexes for table `keranjang`
--
ALTER TABLE `keranjang`
 ADD PRIMARY KEY (`ID_keranjang`), ADD KEY `id_bahanbaku` (`ID_bahanbaku`), ADD KEY `id_supplier` (`ID_supplier`), ADD KEY `ID_supplier_2` (`ID_supplier`), ADD KEY `ID_supplier_3` (`ID_supplier`);

--
-- Indexes for table `mrp`
--
ALTER TABLE `mrp`
 ADD PRIMARY KEY (`ID_mrp`);

--
-- Indexes for table `pegawai`
--
ALTER TABLE `pegawai`
 ADD PRIMARY KEY (`id`);

--
-- Indexes for table `pembelian`
--
ALTER TABLE `pembelian`
 ADD PRIMARY KEY (`ID_pembelian`), ADD KEY `id_pegawai` (`ID_supplier`), ADD KEY `id_supplier` (`ID_bahanbaku`);

--
-- Indexes for table `penjualan`
--
ALTER TABLE `penjualan`
 ADD PRIMARY KEY (`ID_penjualan`);

--
-- Indexes for table `peramalan`
--
ALTER TABLE `peramalan`
 ADD PRIMARY KEY (`ID`);

--
-- Indexes for table `produk`
--
ALTER TABLE `produk`
 ADD PRIMARY KEY (`ID_produk`);

--
-- Indexes for table `produksi`
--
ALTER TABLE `produksi`
 ADD PRIMARY KEY (`ID_produksi`);

--
-- Indexes for table `produksi_temp`
--
ALTER TABLE `produksi_temp`
 ADD PRIMARY KEY (`ID_produksi`), ADD KEY `kode_produk` (`ID_produk`), ADD KEY `kode_produk_2` (`ID_produk`);

--
-- Indexes for table `supplier`
--
ALTER TABLE `supplier`
 ADD PRIMARY KEY (`ID_supplier`);

--
-- Indexes for table `ukuran`
--
ALTER TABLE `ukuran`
 ADD PRIMARY KEY (`ID_ukuran`);

--
-- AUTO_INCREMENT for dumped tables
--

--
-- AUTO_INCREMENT for table `bom`
--
ALTER TABLE `bom`
MODIFY `ID_bom` int(50) NOT NULL AUTO_INCREMENT,AUTO_INCREMENT=28;
--
-- AUTO_INCREMENT for table `bom_temp1`
--
ALTER TABLE `bom_temp1`
MODIFY `ID_sr` int(10) NOT NULL AUTO_INCREMENT;
--
-- AUTO_INCREMENT for table `bom_temp2`
--
ALTER TABLE `bom_temp2`
MODIFY `ID_sr` int(10) NOT NULL AUTO_INCREMENT;
--
-- AUTO_INCREMENT for table `keranjang`
--
ALTER TABLE `keranjang`
MODIFY `ID_keranjang` int(10) NOT NULL AUTO_INCREMENT,AUTO_INCREMENT=7;
--
-- AUTO_INCREMENT for table `pegawai`
--
ALTER TABLE `pegawai`
MODIFY `id` int(255) NOT NULL AUTO_INCREMENT,AUTO_INCREMENT=3;
--
-- AUTO_INCREMENT for table `produksi_temp`
--
ALTER TABLE `produksi_temp`
MODIFY `ID_produksi` int(11) NOT NULL AUTO_INCREMENT;
--
-- AUTO_INCREMENT for table `ukuran`
--
ALTER TABLE `ukuran`
MODIFY `ID_ukuran` int(11) NOT NULL AUTO_INCREMENT,AUTO_INCREMENT=7;
/*!40101 SET CHARACTER_SET_CLIENT=@OLD_CHARACTER_SET_CLIENT */;
/*!40101 SET CHARACTER_SET_RESULTS=@OLD_CHARACTER_SET_RESULTS */;
/*!40101 SET COLLATION_CONNECTION=@OLD_COLLATION_CONNECTION */;
